{
  "rf_128_16": {
    "emd_mean": 0.06849531588935394,
    "emd_median": 0.06629825097978984,
    "emd_std": 0.012434801825261745,
    "num_shapes": 320
  },
  "rf_256_16": {
    "emd_mean": 0.06648350831993109,
    "emd_median": 0.06477692412242075,
    "emd_std": 0.011042286754831682,
    "num_shapes": 320
  },
  "rf_256_32_nerf": {
    "emd_mean": 0.0703253727964088,
    "emd_median": 0.06441865869149738,
    "emd_std": 0.029897190353215152,
    "num_shapes": 320
  },
  "rf_256_32_nerf_768": {
    "emd_mean": 0.07045004100837941,
    "emd_median": 0.0641764214280742,
    "emd_std": 0.030541289265469358,
    "num_shapes": 320
  },
  "rf_256_32_onehot": {
    "emd_mean": 0.06493589274783351,
    "emd_median": 0.06370746565098442,
    "emd_std": 0.012110188762047154,
    "num_shapes": 320
  }
}